,Unnamed: 0,american_name,provinceName,provinceShortName,confirmedCount,suspectedCount,curedCount,deadCount,date
0,0,Qinghai,青海省,青海,1,0,0,0,2020-01-26
1,1,Fujian,福建省,福建,18,0,0,0,2020-01-26
2,2,Liaoning,辽宁省,辽宁,17,0,0,0,2020-01-26
3,3,Sichuan,四川省,四川,28,0,1,0,2020-01-26
4,4,Jiangsu,江苏省,江苏,18,0,1,0,2020-01-26
5,5,Jiangxi,江西省,江西,36,0,0,0,2020-01-26
6,6,Shandong,山东省,山东,39,0,0,0,2020-01-26
7,7,Guangxi,广西壮族自治区,广西,33,0,0,0,2020-01-26
8,8,Ningxia,宁夏回族自治区,宁夏,3,0,0,0,2020-01-26
9,9,Macau,澳门,澳门,2,0,0,0,2020-01-26
10,10,Henan,河南省,河南,83,0,0,1,2020-01-26
11,11,Shanghai,上海市,上海,40,0,0,0,2020-01-26
12,12,Beijing,北京市,北京,51,0,2,0,2020-01-26
13,13,Anhui,安徽省,安徽,39,0,0,0,2020-01-26
14,14,Taiwan,台湾,台湾,3,0,0,0,2020-01-26
15,15,Xinjiang,新疆维吾尔自治区,新疆,3,0,0,0,2020-01-26
16,16,Hunan,湖南省,湖南,43,0,0,0,2020-01-26
17,17,Jilin,吉林省,吉林,4,0,0,0,2020-01-26
18,18,Gansu,甘肃省,甘肃,4,0,0,0,2020-01-26
19,19,Guizhou,贵州省,贵州,4,0,0,0,2020-01-26
20,20,Chongqing,重庆市,重庆,57,0,0,0,2020-01-26
21,21,Yunnan,云南省,云南,11,0,0,0,2020-01-26
22,22,Shaanxi,陕西省,陕西,15,0,0,0,2020-01-26
23,23,Hong Kong,香港,香港,5,0,0,0,2020-01-26
24,24,Zhejiang,浙江省,浙江,62,0,1,0,2020-01-26
25,25,Shanxi,山西省,山西,9,0,0,0,2020-01-26
26,26,Hubei,湖北省,湖北,1053,0,42,52,2020-01-26
27,27,Guangdong,广东省,广东,78,0,2,0,2020-01-26
28,28,Tianjin,天津市,天津,10,0,0,0,2020-01-26
29,29,Hainan,海南省,海南,19,0,0,0,2020-01-26
30,30,Hebei,河北省,河北,8,0,0,1,2020-01-26
31,31,Inner Mongolia,内蒙古自治区,内蒙古,7,0,0,0,2020-01-26
32,32,Heilongjiang,黑龙江省,黑龙江,9,0,0,1,2020-01-26
0,0,Qinghai,青海省,青海,1,0,0,0,2020-01-27
1,1,Fujian,福建省,福建,35,0,0,0,2020-01-27
2,2,Liaoning,辽宁省,辽宁,22,0,0,0,2020-01-27
3,3,Sichuan,四川省,四川,44,0,0,0,2020-01-27
4,4,Jiangsu,江苏省,江苏,33,0,1,0,2020-01-27
5,5,Jiangxi,江西省,江西,36,0,0,0,2020-01-27
6,6,Shandong,山东省,山东,46,0,0,0,2020-01-27
7,7,Guangxi,广西壮族自治区,广西,36,0,0,0,2020-01-27
8,8,Ningxia,宁夏回族自治区,宁夏,4,0,0,0,2020-01-27
9,9,Macau,澳门,澳门,5,0,0,0,2020-01-27
10,10,Henan,河南省,河南,83,0,0,1,2020-01-27
11,11,Shanghai,上海市,上海,40,0,1,1,2020-01-27
12,12,Beijing,北京市,北京,68,0,2,0,2020-01-27
13,13,Anhui,安徽省,安徽,60,0,0,0,2020-01-27
14,14,Taiwan,台湾,台湾,4,0,0,0,2020-01-27
15,15,Xinjiang,新疆维吾尔自治区,新疆,4,0,0,0,2020-01-27
16,16,Hunan,湖南省,湖南,69,0,0,0,2020-01-27
17,17,Jilin,吉林省,吉林,4,0,0,0,2020-01-27
18,18,Gansu,甘肃省,甘肃,7,0,0,0,2020-01-27
19,19,Guizhou,贵州省,贵州,5,0,0,0,2020-01-27
20,20,Chongqing,重庆市,重庆,75,0,0,0,2020-01-27
21,21,Yunnan,云南省,云南,16,0,0,0,2020-01-27
22,22,Shaanxi,陕西省,陕西,22,0,0,0,2020-01-27
23,23,Hong Kong,香港,香港,8,0,0,0,2020-01-27
24,24,Zhejiang,浙江省,浙江,104,0,1,0,2020-01-27
25,25,Shanxi,山西省,山西,9,0,0,0,2020-01-27
26,26,Hubei,湖北省,湖北,1058,0,42,52,2020-01-27
27,27,Guangdong,广东省,广东,111,0,2,0,2020-01-27
28,28,Tianjin,天津市,天津,14,0,0,0,2020-01-27
29,29,Hainan,海南省,海南,22,0,0,0,2020-01-27
30,30,Hebei,河北省,河北,13,0,0,1,2020-01-27
31,31,Inner Mongolia,内蒙古自治区,内蒙古,7,0,0,0,2020-01-27
32,32,Heilongjiang,黑龙江省,黑龙江,16,0,0,1,2020-01-27
0,0,Qinghai,青海省,青海,6,0,0,0,2020-01-28
1,1,Fujian,福建省,福建,59,0,0,0,2020-01-28
2,2,Liaoning,辽宁省,辽宁,27,0,0,0,2020-01-28
3,3,Sichuan,四川省,四川,69,0,0,0,2020-01-28
4,4,Jiangsu,江苏省,江苏,47,0,1,0,2020-01-28
5,5,Jiangxi,江西省,江西,48,0,1,0,2020-01-28
6,6,Shandong,山东省,山东,75,0,0,0,2020-01-28
7,7,Guangxi,广西壮族自治区,广西,46,0,0,0,2020-01-28
8,8,Ningxia,宁夏回族自治区,宁夏,7,0,0,0,2020-01-28
9,9,Macau,澳门,澳门,6,0,0,0,2020-01-28
10,10,Henan,河南省,河南,128,0,0,1,2020-01-28
11,11,Shanghai,上海市,上海,53,0,3,1,2020-01-28
12,12,Beijing,北京市,北京,80,0,2,1,2020-01-28
13,13,Anhui,安徽省,安徽,70,0,0,0,2020-01-28
14,14,Taiwan,台湾,台湾,5,0,0,0,2020-01-28
15,15,Xinjiang,新疆维吾尔自治区,新疆,5,0,0,0,2020-01-28
16,16,Hunan,湖南省,湖南,100,0,0,0,2020-01-28
17,17,Jilin,吉林省,吉林,6,0,0,0,2020-01-28
18,18,Gansu,甘肃省,甘肃,14,0,0,0,2020-01-28
19,19,Guizhou,贵州省,贵州,7,0,0,0,2020-01-28
20,20,Chongqing,重庆市,重庆,110,0,0,0,2020-01-28
21,21,Yunnan,云南省,云南,26,0,0,0,2020-01-28
22,22,Shaanxi,陕西省,陕西,35,0,0,0,2020-01-28
23,23,Hong Kong,香港,香港,8,0,0,0,2020-01-28
24,24,Zhejiang,浙江省,浙江,128,0,1,0,2020-01-28
25,25,Shanxi,山西省,山西,13,0,0,0,2020-01-28
26,26,Hubei,湖北省,湖北,1423,0,45,76,2020-01-28
27,27,Guangdong,广东省,广东,151,0,3,0,2020-01-28
28,28,Tianjin,天津市,天津,23,0,0,0,2020-01-28
29,29,Hainan,海南省,海南,33,0,0,1,2020-01-28
30,30,Hebei,河北省,河北,18,0,0,1,2020-01-28
31,31,Inner Mongolia,内蒙古自治区,内蒙古,11,0,0,0,2020-01-28
32,32,Heilongjiang,黑龙江省,黑龙江,21,0,0,1,2020-01-28
0,0,Qinghai,青海省,青海,6,0,0,0,2020-01-29
1,1,Fujian,福建省,福建,80,0,0,0,2020-01-29
2,2,Liaoning,辽宁省,辽宁,34,0,0,0,2020-01-29
3,3,Sichuan,四川省,四川,90,0,0,0,2020-01-29
4,4,Jiangsu,江苏省,江苏,70,0,1,0,2020-01-29
5,5,Jiangxi,江西省,江西,72,0,3,0,2020-01-29
6,6,Shandong,山东省,山东,95,0,0,0,2020-01-29
7,7,Guangxi,广西壮族自治区,广西,51,0,2,0,2020-01-29
8,8,Ningxia,宁夏回族自治区,宁夏,11,0,0,0,2020-01-29
9,9,Macau,澳门,澳门,7,0,0,0,2020-01-29
10,10,Henan,河南省,河南,168,0,0,1,2020-01-29
11,11,Shanghai,上海市,上海,66,0,4,1,2020-01-29
12,12,Beijing,北京市,北京,91,0,4,1,2020-01-29
13,13,Anhui,安徽省,安徽,106,0,0,0,2020-01-29
14,14,Taiwan,台湾,台湾,8,0,0,0,2020-01-29
15,15,Xinjiang,新疆维吾尔自治区,新疆,10,0,0,0,2020-01-29
16,16,Hunan,湖南省,湖南,143,0,0,0,2020-01-29
17,17,Jilin,吉林省,吉林,8,0,0,0,2020-01-29
18,18,Gansu,甘肃省,甘肃,19,0,0,0,2020-01-29
19,19,Guizhou,贵州省,贵州,9,0,0,0,2020-01-29
20,20,Chongqing,重庆市,重庆,132,0,0,0,2020-01-29
21,21,Yunnan,云南省,云南,44,0,0,0,2020-01-29
22,22,Shaanxi,陕西省,陕西,46,0,0,0,2020-01-29
23,23,Hong Kong,香港,香港,8,0,0,0,2020-01-29
24,24,Zhejiang,浙江省,浙江,173,0,3,0,2020-01-29
25,25,Shanxi,山西省,山西,20,0,0,0,2020-01-29
26,26,Hubei,湖北省,湖北,2714,0,52,100,2020-01-29
27,27,Guangdong,广东省,广东,207,0,4,0,2020-01-29
28,28,Tianjin,天津市,天津,24,0,0,0,2020-01-29
29,29,Hainan,海南省,海南,40,0,0,1,2020-01-29
30,30,Hebei,河北省,河北,33,0,0,1,2020-01-29
31,31,Inner Mongolia,内蒙古自治区,内蒙古,15,0,0,0,2020-01-29
32,32,Heilongjiang,黑龙江省,黑龙江,33,0,0,1,2020-01-29
0,0,Qinghai,青海省,青海,6,0,0,0,2020-01-30
1,1,Fujian,福建省,福建,84,0,0,0,2020-01-30
2,2,Liaoning,辽宁省,辽宁,39,0,1,0,2020-01-30
3,3,Sichuan,四川省,四川,108,0,1,1,2020-01-30
4,4,Jiangsu,江苏省,江苏,99,0,1,0,2020-01-30
5,5,Jiangxi,江西省,江西,109,0,3,0,2020-01-30
6,6,Shandong,山东省,山东,130,0,1,0,2020-01-30
7,7,Guangxi,广西壮族自治区,广西,58,0,2,0,2020-01-30
8,8,Ningxia,宁夏回族自治区,宁夏,12,0,0,0,2020-01-30
9,9,Macau,澳门,澳门,7,0,0,0,2020-01-30
10,10,Henan,河南省,河南,206,0,1,2,2020-01-30
11,11,Shanghai,上海市,上海,96,0,5,1,2020-01-30
12,12,Beijing,北京市,北京,111,0,4,1,2020-01-30
13,13,Anhui,安徽省,安徽,152,0,2,0,2020-01-30
14,14,Taiwan,台湾,台湾,8,0,0,0,2020-01-30
15,15,Xinjiang,新疆维吾尔自治区,新疆,13,0,0,0,2020-01-30
16,16,Hunan,湖南省,湖南,221,0,0,0,2020-01-30
17,17,Jilin,吉林省,吉林,9,0,0,0,2020-01-30
18,18,Gansu,甘肃省,甘肃,24,0,0,0,2020-01-30
19,19,Guizhou,贵州省,贵州,9,0,1,0,2020-01-30
20,20,Chongqing,重庆市,重庆,147,0,1,0,2020-01-30
21,21,Yunnan,云南省,云南,55,0,0,0,2020-01-30
22,22,Shaanxi,陕西省,陕西,56,0,0,0,2020-01-30
23,23,Hong Kong,香港,香港,10,0,0,0,2020-01-30
24,24,Zhejiang,浙江省,浙江,296,0,3,0,2020-01-30
25,25,Shanxi,山西省,山西,27,0,1,0,2020-01-30
26,26,Hubei,湖北省,湖北,3554,0,88,125,2020-01-30
27,27,Guangdong,广东省,广东,277,0,5,0,2020-01-30
28,28,Tianjin,天津市,天津,27,0,0,0,2020-01-30
29,29,Hainan,海南省,海南,43,0,0,1,2020-01-30
30,30,Hebei,河北省,河北,48,0,0,1,2020-01-30
31,31,Inner Mongolia,内蒙古自治区,内蒙古,16,0,0,0,2020-01-30
32,32,Heilongjiang,黑龙江省,黑龙江,38,0,0,1,2020-01-30
33,33,Tibet,西藏自治区,西藏,0,1,0,0,2020-01-30
0,0,Qinghai,青海省,青海,8,0,0,0,2020-01-31
1,1,Fujian,福建省,福建,101,0,0,0,2020-01-31
2,2,Liaoning,辽宁省,辽宁,41,0,1,0,2020-01-31
3,3,Sichuan,四川省,四川,142,0,1,1,2020-01-31
4,4,Jiangsu,江苏省,江苏,129,0,1,0,2020-01-31
5,5,Jiangxi,江西省,江西,162,0,5,0,2020-01-31
6,6,Shandong,山东省,山东,158,0,1,0,2020-01-31
7,7,Guangxi,广西壮族自治区,广西,78,0,2,0,2020-01-31
8,8,Ningxia,宁夏回族自治区,宁夏,17,0,0,0,2020-01-31
9,9,Macau,澳门,澳门,7,0,0,0,2020-01-31
10,10,Henan,河南省,河南,278,0,2,2,2020-01-31
11,11,Shanghai,上海市,上海,112,0,5,1,2020-01-31
12,12,Beijing,北京市,北京,114,0,4,1,2020-01-31
13,13,Anhui,安徽省,安徽,200,0,2,0,2020-01-31
14,14,Taiwan,台湾,台湾,9,0,0,0,2020-01-31
15,15,Xinjiang,新疆维吾尔自治区,新疆,14,0,0,0,2020-01-31
16,16,Hunan,湖南省,湖南,277,0,2,0,2020-01-31
17,17,Jilin,吉林省,吉林,14,0,1,0,2020-01-31
18,18,Gansu,甘肃省,甘肃,26,0,0,0,2020-01-31
19,19,Guizhou,贵州省,贵州,12,0,1,0,2020-01-31
20,20,Chongqing,重庆市,重庆,182,0,1,0,2020-01-31
21,21,Yunnan,云南省,云南,70,0,0,0,2020-01-31
22,22,Shaanxi,陕西省,陕西,63,0,0,0,2020-01-31
23,23,Hong Kong,香港,香港,10,0,0,0,2020-01-31
24,24,Zhejiang,浙江省,浙江,428,0,4,0,2020-01-31
25,25,Shanxi,山西省,山西,35,0,1,0,2020-01-31
26,26,Hubei,湖北省,湖北,4903,0,90,162,2020-01-31
27,27,Guangdong,广东省,广东,354,0,10,0,2020-01-31
28,28,Tianjin,天津市,天津,31,0,0,0,2020-01-31
29,29,Hainan,海南省,海南,46,0,1,1,2020-01-31
30,30,Hebei,河北省,河北,65,0,0,1,2020-01-31
31,31,Inner Mongolia,内蒙古自治区,内蒙古,19,0,0,0,2020-01-31
32,32,Heilongjiang,黑龙江省,黑龙江,44,0,0,2,2020-01-31
33,33,Tibet,西藏自治区,西藏,1,0,0,0,2020-01-31
0,0,Qinghai,青海省,青海,8,0,0,0,2020-02-01
1,1,Fujian,福建省,福建,120,0,0,0,2020-02-01
2,2,Liaoning,辽宁省,辽宁,60,0,1,0,2020-02-01
3,3,Sichuan,四川省,四川,177,0,1,1,2020-02-01
4,4,Jiangsu,江苏省,江苏,168,0,5,0,2020-02-01
5,5,Jiangxi,江西省,江西,240,0,7,0,2020-02-01
6,6,Shandong,山东省,山东,184,0,2,0,2020-02-01
7,7,Guangxi,广西壮族自治区,广西,87,0,2,0,2020-02-01
8,8,Ningxia,宁夏回族自治区,宁夏,21,0,0,0,2020-02-01
9,9,Macau,澳门,澳门,7,0,0,0,2020-02-01
10,10,Henan,河南省,河南,352,0,3,2,2020-02-01
11,11,Shanghai,上海市,上海,153,0,9,1,2020-02-01
12,12,Beijing,北京市,北京,139,0,5,1,2020-02-01
13,13,Anhui,安徽省,安徽,237,0,3,0,2020-02-01
14,14,Taiwan,台湾,台湾,10,0,0,0,2020-02-01
15,15,Xinjiang,新疆维吾尔自治区,新疆,17,0,0,0,2020-02-01
16,16,Hunan,湖南省,湖南,332,0,2,0,2020-02-01
17,17,Jilin,吉林省,吉林,14,0,1,0,2020-02-01
18,18,Gansu,甘肃省,甘肃,35,0,0,0,2020-02-01
19,19,Guizhou,贵州省,贵州,29,0,2,0,2020-02-01
20,20,Chongqing,重庆市,重庆,238,0,1,0,2020-02-01
21,21,Yunnan,云南省,云南,83,0,1,0,2020-02-01
22,22,Shaanxi,陕西省,陕西,87,0,0,0,2020-02-01
23,23,Hong Kong,香港,香港,12,0,0,0,2020-02-01
24,24,Zhejiang,浙江省,浙江,537,0,11,0,2020-02-01
25,25,Shanxi,山西省,山西,47,0,1,0,2020-02-01
26,26,Hubei,湖北省,湖北,7153,0,0,249,2020-02-01
27,27,Guangdong,广东省,广东,436,0,11,0,2020-02-01
28,28,Tianjin,天津市,天津,32,0,0,0,2020-02-01
29,29,Hainan,海南省,海南,53,0,1,1,2020-02-01
30,30,Hebei,河北省,河北,82,0,0,1,2020-02-01
31,31,Inner Mongolia,内蒙古自治区,内蒙古,20,0,1,0,2020-02-01
32,32,Heilongjiang,黑龙江省,黑龙江,59,0,0,2,2020-02-01
33,33,Tibet,西藏自治区,西藏,1,0,0,0,2020-02-01
0,0,Qinghai,青海省,青海,9,0,0,0,2020-02-02
1,1,Fujian,福建省,福建,144,0,0,0,2020-02-02
2,2,Liaoning,辽宁省,辽宁,64,0,1,0,2020-02-02
3,3,Sichuan,四川省,四川,207,0,3,1,2020-02-02
4,4,Jiangsu,江苏省,江苏,202,0,6,0,2020-02-02
5,5,Jiangxi,江西省,江西,286,0,9,0,2020-02-02
6,6,Shandong,山东省,山东,206,0,3,0,2020-02-02
7,7,Guangxi,广西壮族自治区,广西,100,0,2,0,2020-02-02
8,8,Ningxia,宁夏回族自治区,宁夏,26,0,0,0,2020-02-02
9,9,Macau,澳门,澳门,7,0,0,0,2020-02-02
10,10,Henan,河南省,河南,422,0,3,2,2020-02-02
11,11,Shanghai,上海市,上海,169,0,10,1,2020-02-02
12,12,Beijing,北京市,北京,168,0,9,1,2020-02-02
13,13,Anhui,安徽省,安徽,297,0,5,0,2020-02-02
14,14,Taiwan,台湾,台湾,10,0,0,0,2020-02-02
15,15,Xinjiang,新疆维吾尔自治区,新疆,18,0,0,0,2020-02-02
16,16,Hunan,湖南省,湖南,389,0,8,0,2020-02-02
17,17,Jilin,吉林省,吉林,17,0,1,0,2020-02-02
18,18,Gansu,甘肃省,甘肃,40,0,0,0,2020-02-02
19,19,Guizhou,贵州省,贵州,29,0,2,0,2020-02-02
20,20,Chongqing,重庆市,重庆,247,0,3,1,2020-02-02
21,21,Yunnan,云南省,云南,93,0,2,0,2020-02-02
22,22,Shaanxi,陕西省,陕西,101,0,0,0,2020-02-02
23,23,Hong Kong,香港,香港,13,0,0,0,2020-02-02
24,24,Zhejiang,浙江省,浙江,599,0,21,0,2020-02-02
25,25,Shanxi,山西省,山西,56,0,1,0,2020-02-02
26,26,Hubei,湖北省,湖北,9074,0,215,294,2020-02-02
27,27,Guangdong,广东省,广东,535,0,14,0,2020-02-02
28,28,Tianjin,天津市,天津,41,0,0,0,2020-02-02
29,29,Hainan,海南省,海南,62,0,1,1,2020-02-02
30,30,Hebei,河北省,河北,96,0,0,1,2020-02-02
31,31,Inner Mongolia,内蒙古自治区,内蒙古,23,0,1,0,2020-02-02
32,32,Heilongjiang,黑龙江省,黑龙江,80,0,2,2,2020-02-02
33,33,Tibet,西藏自治区,西藏,1,0,0,0,2020-02-02
0,0,Qinghai,青海省,青海,11,0,0,0,2020-02-03
1,1,Fujian,福建省,福建,159,0,0,0,2020-02-03
2,2,Liaoning,辽宁省,辽宁,70,0,1,0,2020-02-03
3,3,Sichuan,四川省,四川,231,0,11,1,2020-02-03
4,4,Jiangsu,江苏省,江苏,236,0,7,0,2020-02-03
5,5,Jiangxi,江西省,江西,333,0,12,0,2020-02-03
6,6,Shandong,山东省,山东,230,0,6,0,2020-02-03
7,7,Guangxi,广西壮族自治区,广西,111,0,2,0,2020-02-03
8,8,Ningxia,宁夏回族自治区,宁夏,28,0,0,0,2020-02-03
9,9,Macau,澳门,澳门,8,0,0,0,2020-02-03
10,10,Henan,河南省,河南,493,0,10,2,2020-02-03
11,11,Shanghai,上海市,上海,182,0,10,1,2020-02-03
12,12,Beijing,北京市,北京,191,0,9,1,2020-02-03
13,13,Anhui,安徽省,安徽,340,0,7,0,2020-02-03
14,14,Taiwan,台湾,台湾,10,0,0,0,2020-02-03
15,15,Xinjiang,新疆维吾尔自治区,新疆,21,0,0,0,2020-02-03
16,16,Hunan,湖南省,湖南,463,0,16,0,2020-02-03
17,17,Jilin,吉林省,吉林,23,0,1,0,2020-02-03
18,18,Gansu,甘肃省,甘肃,40,0,3,0,2020-02-03
19,19,Guizhou,贵州省,贵州,38,0,2,0,2020-02-03
20,20,Chongqing,重庆市,重庆,300,0,7,2,2020-02-03
21,21,Yunnan,云南省,云南,105,0,3,0,2020-02-03
22,22,Shaanxi,陕西省,陕西,116,0,0,0,2020-02-03
23,23,Hong Kong,香港,香港,14,0,0,0,2020-02-03
24,24,Zhejiang,浙江省,浙江,661,0,32,0,2020-02-03
25,25,Shanxi,山西省,山西,66,0,3,0,2020-02-03
26,26,Hubei,湖北省,湖北,9074,0,267,294,2020-02-03
27,27,Guangdong,广东省,广东,632,0,15,0,2020-02-03
28,28,Tianjin,天津市,天津,48,0,1,0,2020-02-03
29,29,Hainan,海南省,海南,64,0,4,1,2020-02-03
30,30,Hebei,河北省,河北,104,1,3,1,2020-02-03
31,31,Inner Mongolia,内蒙古自治区,内蒙古,27,0,1,0,2020-02-03
32,32,Heilongjiang,黑龙江省,黑龙江,95,0,2,2,2020-02-03
33,33,Tibet,西藏自治区,西藏,1,0,0,0,2020-02-03
0,0,Qinghai,青海省,青海,13,0,0,0,2020-02-04
1,1,Fujian,福建省,福建,179,0,1,0,2020-02-04
2,2,Liaoning,辽宁省,辽宁,74,0,1,0,2020-02-04
3,3,Sichuan,四川省,四川,254,0,14,1,2020-02-04
4,4,Jiangsu,江苏省,江苏,271,0,8,0,2020-02-04
5,5,Jiangxi,江西省,江西,391,0,18,0,2020-02-04
6,6,Shandong,山东省,山东,259,0,7,0,2020-02-04
7,7,Guangxi,广西壮族自治区,广西,127,0,7,0,2020-02-04
8,8,Ningxia,宁夏回族自治区,宁夏,31,0,1,0,2020-02-04
9,9,Macau,澳门,澳门,8,0,0,0,2020-02-04
10,10,Henan,河南省,河南,566,0,16,2,2020-02-04
11,11,Shanghai,上海市,上海,203,0,10,1,2020-02-04
12,12,Beijing,北京市,北京,212,0,12,1,2020-02-04
13,13,Anhui,安徽省,安徽,408,0,14,0,2020-02-04
14,14,Taiwan,台湾,台湾,10,0,0,0,2020-02-04
15,15,Xinjiang,新疆维吾尔自治区,新疆,24,0,0,0,2020-02-04
16,16,Hunan,湖南省,湖南,521,0,22,0,2020-02-04
17,17,Jilin,吉林省,吉林,31,0,1,0,2020-02-04
18,18,Gansu,甘肃省,甘肃,55,0,3,0,2020-02-04
19,19,Guizhou,贵州省,贵州,46,0,2,0,2020-02-04
20,20,Chongqing,重庆市,重庆,312,0,8,2,2020-02-04
21,21,Yunnan,云南省,云南,114,0,5,0,2020-02-04
22,22,Shaanxi,陕西省,陕西,128,0,0,0,2020-02-04
23,23,Hong Kong,香港,香港,15,0,0,0,2020-02-04
24,24,Zhejiang,浙江省,浙江,724,0,43,0,2020-02-04
25,25,Shanxi,山西省,山西,66,0,2,0,2020-02-04
26,26,Hubei,湖北省,湖北,13522,0,300,414,2020-02-04
27,27,Guangdong,广东省,广东,725,0,21,0,2020-02-04
28,28,Tianjin,天津市,天津,60,0,1,0,2020-02-04
29,29,Hainan,海南省,海南,72,0,4,1,2020-02-04
30,30,Hebei,河北省,河北,113,0,3,1,2020-02-04
31,31,Inner Mongolia,内蒙古自治区,内蒙古,34,0,1,0,2020-02-04
32,32,Heilongjiang,黑龙江省,黑龙江,121,0,2,2,2020-02-04
33,33,Tibet,西藏自治区,西藏,1,0,0,0,2020-02-04
0,0,Qinghai,青海省,青海,15,0,0,0,2020-02-05
1,1,Fujian,福建省,福建,194,0,3,0,2020-02-05
2,2,Liaoning,辽宁省,辽宁,81,0,2,0,2020-02-05
3,3,Sichuan,四川省,四川,282,0,14,1,2020-02-05
4,4,Jiangsu,江苏省,江苏,308,0,12,0,2020-02-05
5,5,Jiangxi,江西省,江西,476,0,20,0,2020-02-05
6,6,Shandong,山东省,山东,275,0,11,0,2020-02-05
7,7,Guangxi,广西壮族自治区,广西,139,0,10,0,2020-02-05
8,8,Ningxia,宁夏回族自治区,宁夏,34,0,1,0,2020-02-05
9,9,Macau,澳门,澳门,10,0,0,0,2020-02-05
10,10,Henan,河南省,河南,675,2,27,2,2020-02-05
11,11,Shanghai,上海市,上海,219,0,12,1,2020-02-05
12,12,Beijing,北京市,北京,228,0,23,1,2020-02-05
13,13,Anhui,安徽省,安徽,480,0,20,0,2020-02-05
14,14,Taiwan,台湾,台湾,11,0,0,0,2020-02-05
15,15,Xinjiang,新疆维吾尔自治区,新疆,29,0,0,0,2020-02-05
16,16,Hunan,湖南省,湖南,593,0,31,0,2020-02-05
17,17,Jilin,吉林省,吉林,42,0,1,0,2020-02-05
18,18,Gansu,甘肃省,甘肃,57,0,4,0,2020-02-05
19,19,Guizhou,贵州省,贵州,58,0,2,0,2020-02-05
20,20,Chongqing,重庆市,重庆,344,0,9,2,2020-02-05
21,21,Yunnan,云南省,云南,122,0,5,0,2020-02-05
22,22,Shaanxi,陕西省,陕西,142,0,2,0,2020-02-05
23,23,Hong Kong,香港,香港,17,0,0,1,2020-02-05
24,24,Zhejiang,浙江省,浙江,829,0,62,0,2020-02-05
25,25,Shanxi,山西省,山西,81,0,4,0,2020-02-05
26,26,Hubei,湖北省,湖北,13522,0,397,414,2020-02-05
27,27,Guangdong,广东省,广东,813,0,30,0,2020-02-05
28,28,Tianjin,天津市,天津,67,0,2,0,2020-02-05
29,29,Hainan,海南省,海南,80,0,5,1,2020-02-05
30,30,Hebei,河北省,河北,126,0,4,1,2020-02-05
31,31,Inner Mongolia,内蒙古自治区,内蒙古,35,0,1,0,2020-02-05
32,32,Heilongjiang,黑龙江省,黑龙江,155,0,4,2,2020-02-05
33,33,Tibet,西藏自治区,西藏,1,0,0,0,2020-02-05
0,0,Qinghai,青海省,青海,17,0,3,0,2020-02-06
1,1,Fujian,福建省,福建,205,0,11,0,2020-02-06
2,2,Liaoning,辽宁省,辽宁,89,0,4,0,2020-02-06
3,3,Sichuan,四川省,四川,301,0,24,1,2020-02-06
4,4,Jiangsu,江苏省,江苏,341,0,23,0,2020-02-06
5,5,Jiangxi,江西省,江西,548,0,27,0,2020-02-06
6,6,Shandong,山东省,山东,307,0,15,0,2020-02-06
7,7,Guangxi,广西壮族自治区,广西,150,0,13,0,2020-02-06
8,8,Ningxia,宁夏回族自治区,宁夏,34,0,1,0,2020-02-06
9,9,Macau,澳门,澳门,10,0,0,0,2020-02-06
10,10,Henan,河南省,河南,764,0,47,2,2020-02-06
11,11,Shanghai,上海市,上海,243,0,15,1,2020-02-06
12,12,Beijing,北京市,北京,253,0,24,1,2020-02-06
13,13,Anhui,安徽省,安徽,530,0,23,0,2020-02-06
14,14,Taiwan,台湾,台湾,11,0,0,0,2020-02-06
15,15,Xinjiang,新疆维吾尔自治区,新疆,32,0,0,0,2020-02-06
16,16,Hunan,湖南省,湖南,661,0,54,0,2020-02-06
17,17,Jilin,吉林省,吉林,54,0,2,0,2020-02-06
18,18,Gansu,甘肃省,甘肃,62,0,6,0,2020-02-06
19,19,Guizhou,贵州省,贵州,64,0,9,1,2020-02-06
20,20,Chongqing,重庆市,重庆,376,0,15,2,2020-02-06
21,21,Yunnan,云南省,云南,124,0,5,0,2020-02-06
22,22,Shaanxi,陕西省,陕西,165,0,6,0,2020-02-06
23,23,Hong Kong,香港,香港,21,0,0,1,2020-02-06
24,24,Zhejiang,浙江省,浙江,895,0,78,0,2020-02-06
25,25,Shanxi,山西省,山西,81,0,5,0,2020-02-06
26,26,Hubei,湖北省,湖北,19665,0,633,549,2020-02-06
27,27,Guangdong,广东省,广东,895,0,49,0,2020-02-06
28,28,Tianjin,天津市,天津,69,0,2,1,2020-02-06
29,29,Hainan,海南省,海南,99,0,5,1,2020-02-06
30,30,Hebei,河北省,河北,135,0,6,1,2020-02-06
31,31,Inner Mongolia,内蒙古自治区,内蒙古,42,0,3,0,2020-02-06
32,32,Heilongjiang,黑龙江省,黑龙江,190,0,7,2,2020-02-06
33,33,Tibet,西藏自治区,西藏,1,0,0,0,2020-02-06
0,0,Qinghai,青海省,青海,18,0,3,0,2020-02-07
1,1,Fujian,福建省,福建,215,0,14,0,2020-02-07
2,2,Liaoning,辽宁省,辽宁,94,0,5,0,2020-02-07
3,3,Sichuan,四川省,四川,344,0,37,1,2020-02-07
4,4,Jiangsu,江苏省,江苏,408,0,38,0,2020-02-07
5,5,Jiangxi,江西省,江西,661,0,45,0,2020-02-07
6,6,Shandong,山东省,山东,379,0,31,0,2020-02-07
7,7,Guangxi,广西壮族自治区,广西,172,0,17,0,2020-02-07
8,8,Ningxia,宁夏回族自治区,宁夏,43,0,1,0,2020-02-07
9,9,Macau,澳门,澳门,10,0,1,0,2020-02-07
10,10,Henan,河南省,河南,914,0,68,3,2020-02-07
11,11,Shanghai,上海市,上海,269,166,25,1,2020-02-07
12,12,Beijing,北京市,北京,274,0,31,1,2020-02-07
13,13,Anhui,安徽省,安徽,665,0,34,0,2020-02-07
14,14,Taiwan,台湾,台湾,16,0,1,0,2020-02-07
15,15,Xinjiang,新疆维吾尔自治区,新疆,39,0,0,0,2020-02-07
16,16,Hunan,湖南省,湖南,772,0,91,0,2020-02-07
17,17,Jilin,吉林省,吉林,65,0,4,1,2020-02-07
18,18,Gansu,甘肃省,甘肃,67,0,9,0,2020-02-07
19,19,Guizhou,贵州省,贵州,77,0,6,1,2020-02-07
20,20,Chongqing,重庆市,重庆,411,0,24,2,2020-02-07
21,21,Yunnan,云南省,云南,135,0,7,0,2020-02-07
22,22,Shaanxi,陕西省,陕西,184,0,11,0,2020-02-07
23,23,Hong Kong,香港,香港,24,0,0,1,2020-02-07
24,24,Zhejiang,浙江省,浙江,1006,0,98,0,2020-02-07
25,25,Shanxi,山西省,山西,96,0,12,0,2020-02-07
26,26,Hubei,湖北省,湖北,22112,0,817,618,2020-02-07
27,27,Guangdong,广东省,广东,1018,0,69,1,2020-02-07
28,28,Tianjin,天津市,天津,79,0,2,1,2020-02-07
29,29,Hainan,海南省,海南,114,0,8,2,2020-02-07
30,30,Hebei,河北省,河北,171,0,16,1,2020-02-07
31,31,Inner Mongolia,内蒙古自治区,内蒙古,50,0,4,0,2020-02-07
32,32,Heilongjiang,黑龙江省,黑龙江,277,0,8,3,2020-02-07
33,33,Tibet,西藏自治区,西藏,1,0,0,0,2020-02-07
0,0,Qinghai,青海省,青海,18,0,3,0,2020-02-08
1,1,Fujian,福建省,福建,224,0,20,0,2020-02-08
2,2,Liaoning,辽宁省,辽宁,99,0,7,0,2020-02-08
3,3,Sichuan,四川省,四川,344,0,42,1,2020-02-08
4,4,Jiangsu,江苏省,江苏,439,0,43,0,2020-02-08
5,5,Jiangxi,江西省,江西,661,0,45,0,2020-02-08
6,6,Shandong,山东省,山东,407,0,38,0,2020-02-08
7,7,Guangxi,广西壮族自治区,广西,183,0,17,0,2020-02-08
8,8,Ningxia,宁夏回族自治区,宁夏,43,0,5,0,2020-02-08
9,9,Macau,澳门,澳门,10,0,1,0,2020-02-08
10,10,Henan,河南省,河南,914,0,86,3,2020-02-08
11,11,Shanghai,上海市,上海,281,0,30,1,2020-02-08
12,12,Beijing,北京市,北京,297,0,33,1,2020-02-08
13,13,Anhui,安徽省,安徽,733,0,47,0,2020-02-08
14,14,Taiwan,台湾,台湾,16,0,1,0,2020-02-08
15,15,Xinjiang,新疆维吾尔自治区,新疆,39,0,0,0,2020-02-08
16,16,Hunan,湖南省,湖南,772,0,112,0,2020-02-08
17,17,Jilin,吉林省,吉林,69,0,4,1,2020-02-08
18,18,Gansu,甘肃省,甘肃,71,0,9,1,2020-02-08
19,19,Guizhou,贵州省,贵州,81,0,6,1,2020-02-08
20,20,Chongqing,重庆市,重庆,426,0,31,2,2020-02-08
21,21,Yunnan,云南省,云南,138,0,12,0,2020-02-08
22,22,Shaanxi,陕西省,陕西,184,0,17,0,2020-02-08
23,23,Hong Kong,香港,香港,26,0,0,1,2020-02-08
24,24,Zhejiang,浙江省,浙江,1006,0,123,0,2020-02-08
25,25,Shanxi,山西省,山西,104,0,15,0,2020-02-08
26,26,Hubei,湖北省,湖北,24953,0,1115,699,2020-02-08
27,27,Guangdong,广东省,广东,1034,0,88,1,2020-02-08
28,28,Tianjin,天津市,天津,81,0,2,1,2020-02-08
29,29,Hainan,海南省,海南,117,0,10,2,2020-02-08
30,30,Hebei,河北省,河北,195,0,25,1,2020-02-08
31,31,Inner Mongolia,内蒙古自治区,内蒙古,50,0,5,0,2020-02-08
32,32,Heilongjiang,黑龙江省,黑龙江,277,0,12,3,2020-02-08
33,33,Tibet,西藏自治区,西藏,1,0,0,0,2020-02-08
0,0,Qinghai,青海省,青海,18,0,3,0,2020-02-09
1,1,Fujian,福建省,福建,239,0,24,0,2020-02-09
2,2,Liaoning,辽宁省,辽宁,105,0,8,0,2020-02-09
3,3,Sichuan,四川省,四川,364,0,60,1,2020-02-09
4,4,Jiangsu,江苏省,江苏,439,0,51,0,2020-02-09
5,5,Jiangxi,江西省,江西,698,0,55,0,2020-02-09
6,6,Shandong,山东省,山东,416,0,44,0,2020-02-09
7,7,Guangxi,广西壮族自治区,广西,195,1,18,1,2020-02-09
8,8,Ningxia,宁夏回族自治区,宁夏,45,0,15,0,2020-02-09
9,9,Macau,澳门,澳门,10,0,1,0,2020-02-09
10,10,Henan,河南省,河南,981,0,116,4,2020-02-09
11,11,Shanghai,上海市,上海,286,0,41,1,2020-02-09
12,12,Beijing,北京市,北京,315,0,34,2,2020-02-09
13,13,Anhui,安徽省,安徽,733,0,59,0,2020-02-09
14,14,Taiwan,台湾,台湾,17,0,1,0,2020-02-09
15,15,Xinjiang,新疆维吾尔自治区,新疆,42,0,0,0,2020-02-09
16,16,Hunan,湖南省,湖南,803,0,156,1,2020-02-09
17,17,Jilin,吉林省,吉林,78,0,5,1,2020-02-09
18,18,Gansu,甘肃省,甘肃,79,0,12,1,2020-02-09
19,19,Guizhou,贵州省,贵州,89,0,7,1,2020-02-09
20,20,Chongqing,重庆市,重庆,446,0,39,2,2020-02-09
21,21,Yunnan,云南省,云南,140,0,17,0,2020-02-09
22,22,Shaanxi,陕西省,陕西,195,0,20,0,2020-02-09
23,23,Hong Kong,香港,香港,26,0,0,1,2020-02-09
24,24,Zhejiang,浙江省,浙江,1048,0,175,0,2020-02-09
25,25,Shanxi,山西省,山西,115,71,21,0,2020-02-09
26,26,Hubei,湖北省,湖北,27100,23638,1439,780,2020-02-09
27,27,Guangdong,广东省,广东,1095,0,112,1,2020-02-09
28,28,Tianjin,天津市,天津,88,0,4,1,2020-02-09
29,29,Hainan,海南省,海南,124,0,14,2,2020-02-09
30,30,Hebei,河北省,河北,206,0,30,2,2020-02-09
31,31,Inner Mongolia,内蒙古自治区,内蒙古,52,0,5,0,2020-02-09
32,32,Heilongjiang,黑龙江省,黑龙江,307,0,13,6,2020-02-09
33,33,Tibet,西藏自治区,西藏,1,0,0,0,2020-02-09
0,0,Qinghai,青海省,青海,18,0,3,0,2020-02-10
1,1,Fujian,福建省,福建,250,0,35,0,2020-02-10
2,2,Liaoning,辽宁省,辽宁,107,0,12,0,2020-02-10
3,3,Sichuan,四川省,四川,386,0,71,1,2020-02-10
4,4,Jiangsu,江苏省,江苏,468,0,71,0,2020-02-10
5,5,Jiangxi,江西省,江西,740,0,73,0,2020-02-10
6,6,Shandong,山东省,山东,444,0,63,1,2020-02-10
7,7,Guangxi,广西壮族自治区,广西,195,0,18,1,2020-02-10
8,8,Ningxia,宁夏回族自治区,宁夏,45,0,13,0,2020-02-10
9,9,Macau,澳门,澳门,10,0,1,0,2020-02-10
10,10,Henan,河南省,河南,1033,0,153,6,2020-02-10
11,11,Shanghai,上海市,上海,293,0,44,1,2020-02-10
12,12,Beijing,北京市,北京,326,0,37,2,2020-02-10
13,13,Anhui,安徽省,安徽,779,0,72,1,2020-02-10
14,14,Taiwan,台湾,台湾,18,0,1,0,2020-02-10
15,15,Xinjiang,新疆维吾尔自治区,新疆,45,0,0,0,2020-02-10
16,16,Hunan,湖南省,湖南,838,0,186,1,2020-02-10
17,17,Jilin,吉林省,吉林,78,0,12,1,2020-02-10
18,18,Gansu,甘肃省,甘肃,83,0,16,2,2020-02-10
19,19,Guizhou,贵州省,贵州,99,0,7,1,2020-02-10
20,20,Chongqing,重庆市,重庆,450,0,50,2,2020-02-10
21,21,Yunnan,云南省,云南,141,0,18,0,2020-02-10
22,22,Shaanxi,陕西省,陕西,208,0,25,0,2020-02-10
23,23,Hong Kong,香港,香港,29,0,0,1,2020-02-10
24,24,Zhejiang,浙江省,浙江,1075,0,201,0,2020-02-10
25,25,Shanxi,山西省,山西,115,0,22,0,2020-02-10
26,26,Hubei,湖北省,湖北,29631,0,1795,871,2020-02-10
27,27,Guangdong,广东省,广东,1131,0,141,1,2020-02-10
28,28,Tianjin,天津市,天津,90,0,4,1,2020-02-10
29,29,Hainan,海南省,海南,131,0,19,3,2020-02-10
30,30,Hebei,河北省,河北,206,0,34,2,2020-02-10
31,31,Inner Mongolia,内蒙古自治区,内蒙古,54,0,5,0,2020-02-10
32,32,Heilongjiang,黑龙江省,黑龙江,307,0,14,6,2020-02-10
33,33,Tibet,西藏自治区,西藏,1,0,0,0,2020-02-10
0,0,Qinghai,青海省,青海,18,0,3,0,2020-02-11
1,1,Fujian,福建省,福建,267,0,39,0,2020-02-11
2,2,Liaoning,辽宁省,辽宁,108,0,17,0,2020-02-11
3,3,Sichuan,四川省,四川,417,0,82,1,2020-02-11
4,4,Jiangsu,江苏省,江苏,515,0,91,0,2020-02-11
5,5,Jiangxi,江西省,江西,804,0,127,1,2020-02-11
6,6,Shandong,山东省,山东,487,0,76,1,2020-02-11
7,7,Guangxi,广西壮族自治区,广西,215,0,30,1,2020-02-11
8,8,Ningxia,宁夏回族自治区,宁夏,53,0,14,0,2020-02-11
9,9,Macau,澳门,澳门,10,0,1,0,2020-02-11
10,10,Henan,河南省,河南,1105,0,205,7,2020-02-11
11,11,Shanghai,上海市,上海,303,0,52,1,2020-02-11
12,12,Beijing,北京市,北京,342,0,48,3,2020-02-11
13,13,Anhui,安徽省,安徽,860,0,100,4,2020-02-11
14,14,Taiwan,台湾,台湾,18,0,1,0,2020-02-11
15,15,Xinjiang,新疆维吾尔自治区,新疆,55,0,0,0,2020-02-11
16,16,Hunan,湖南省,湖南,912,0,222,1,2020-02-11
17,17,Jilin,吉林省,吉林,81,0,13,1,2020-02-11
18,18,Gansu,甘肃省,甘肃,86,0,21,2,2020-02-11
19,19,Guizhou,贵州省,贵州,118,0,10,1,2020-02-11
20,20,Chongqing,重庆市,重庆,486,0,66,2,2020-02-11
21,21,Yunnan,云南省,云南,149,0,19,0,2020-02-11
22,22,Shaanxi,陕西省,陕西,219,0,32,0,2020-02-11
23,23,Hong Kong,香港,香港,42,0,0,1,2020-02-11
24,24,Zhejiang,浙江省,浙江,1117,0,254,0,2020-02-11
25,25,Shanxi,山西省,山西,122,0,28,0,2020-02-11
26,26,Hubei,湖北省,湖北,31728,0,2222,974,2020-02-11
27,27,Guangdong,广东省,广东,1177,0,185,1,2020-02-11
28,28,Tianjin,天津市,天津,104,0,8,2,2020-02-11
29,29,Hainan,海南省,海南,142,0,20,3,2020-02-11
30,30,Hebei,河北省,河北,239,0,42,2,2020-02-11
31,31,Inner Mongolia,内蒙古自治区,内蒙古,58,0,5,0,2020-02-11
32,32,Heilongjiang,黑龙江省,黑龙江,360,0,27,8,2020-02-11
33,33,Tibet,西藏自治区,西藏,1,0,0,0,2020-02-11
0,0,Qinghai,青海省,青海,18,0,5,0,2020-02-12
1,1,Fujian,福建省,福建,272,0,46,0,2020-02-12
2,2,Liaoning,辽宁省,辽宁,116,0,19,0,2020-02-12
3,3,Sichuan,四川省,四川,436,0,87,1,2020-02-12
4,4,Jiangsu,江苏省,江苏,543,0,106,0,2020-02-12
5,5,Jiangxi,江西省,江西,844,0,152,1,2020-02-12
6,6,Shandong,山东省,山东,497,0,83,1,2020-02-12
7,7,Guangxi,广西壮族自治区,广西,222,0,31,1,2020-02-12
8,8,Ningxia,宁夏回族自治区,宁夏,58,0,22,0,2020-02-12
9,9,Macau,澳门,澳门,10,0,1,0,2020-02-12
10,10,Henan,河南省,河南,1135,0,233,8,2020-02-12
11,11,Shanghai,上海市,上海,306,0,57,1,2020-02-12
12,12,Beijing,北京市,北京,352,0,56,3,2020-02-12
13,13,Anhui,安徽省,安徽,889,0,117,4,2020-02-12
14,14,Taiwan,台湾,台湾,18,0,1,0,2020-02-12
15,15,Xinjiang,新疆维吾尔自治区,新疆,59,0,3,0,2020-02-12
16,16,Hunan,湖南省,湖南,946,0,263,2,2020-02-12
17,17,Jilin,吉林省,吉林,83,0,18,1,2020-02-12
18,18,Gansu,甘肃省,甘肃,86,0,24,2,2020-02-12
19,19,Guizhou,贵州省,贵州,131,0,17,1,2020-02-12
20,20,Chongqing,重庆市,重庆,505,0,79,3,2020-02-12
21,21,Yunnan,云南省,云南,154,0,21,0,2020-02-12
22,22,Shaanxi,陕西省,陕西,225,0,36,0,2020-02-12
23,23,Hong Kong,香港,香港,49,0,0,1,2020-02-12
24,24,Zhejiang,浙江省,浙江,1131,0,279,0,2020-02-12
25,25,Shanxi,山西省,山西,124,0,30,0,2020-02-12
26,26,Hubei,湖北省,湖北,33366,0,2639,1068,2020-02-12
27,27,Guangdong,广东省,广东,1219,0,241,1,2020-02-12
28,28,Tianjin,天津市,天津,107,0,10,2,2020-02-12
29,29,Hainan,海南省,海南,151,0,20,3,2020-02-12
30,30,Hebei,河北省,河北,251,0,49,2,2020-02-12
31,31,Inner Mongolia,内蒙古自治区,内蒙古,60,0,5,0,2020-02-12
32,32,Heilongjiang,黑龙江省,黑龙江,378,0,28,8,2020-02-12
33,33,Tibet,西藏自治区,西藏,1,0,0,0,2020-02-12
0,0,Qinghai,青海省,青海,18,0,9,0,2020-02-13
1,1,Fujian,福建省,福建,272,0,53,0,2020-02-13
2,2,Liaoning,辽宁省,辽宁,116,0,20,1,2020-02-13
3,3,Sichuan,四川省,四川,436,0,92,1,2020-02-13
4,4,Jiangsu,江苏省,江苏,543,0,125,0,2020-02-13
5,5,Jiangxi,江西省,江西,844,0,152,1,2020-02-13
6,6,Shandong,山东省,山东,497,0,92,2,2020-02-13
7,7,Guangxi,广西壮族自治区,广西,222,0,32,1,2020-02-13
8,8,Ningxia,宁夏回族自治区,宁夏,58,0,24,0,2020-02-13
9,9,Macau,澳门,澳门,10,0,2,0,2020-02-13
10,10,Henan,河南省,河南,1135,0,246,8,2020-02-13
11,11,Shanghai,上海市,上海,311,0,57,1,2020-02-13
12,12,Beijing,北京市,北京,352,0,56,3,2020-02-13
13,13,Anhui,安徽省,安徽,889,0,127,4,2020-02-13
14,14,Taiwan,台湾,台湾,18,0,1,0,2020-02-13
15,15,Xinjiang,新疆维吾尔自治区,新疆,59,0,3,0,2020-02-13
16,16,Hunan,湖南省,湖南,946,0,304,2,2020-02-13
17,17,Jilin,吉林省,吉林,83,0,22,1,2020-02-13
18,18,Gansu,甘肃省,甘肃,86,0,29,2,2020-02-13
19,19,Guizhou,贵州省,贵州,133,0,18,1,2020-02-13
20,20,Chongqing,重庆市,重庆,509,0,87,3,2020-02-13
21,21,Yunnan,云南省,云南,154,0,26,0,2020-02-13
22,22,Shaanxi,陕西省,陕西,225,0,43,0,2020-02-13
23,23,Hong Kong,香港,香港,50,0,1,1,2020-02-13
24,24,Zhejiang,浙江省,浙江,1131,0,321,0,2020-02-13
25,25,Shanxi,山西省,山西,126,0,33,0,2020-02-13
26,26,Hubei,湖北省,湖北,33366,0,2686,1068,2020-02-13
27,27,Guangdong,广东省,广东,1219,0,275,1,2020-02-13
28,28,Tianjin,天津市,天津,112,0,11,2,2020-02-13
29,29,Hainan,海南省,海南,157,0,27,4,2020-02-13
30,30,Hebei,河北省,河北,251,0,54,2,2020-02-13
31,31,Inner Mongolia,内蒙古自治区,内蒙古,60,0,6,0,2020-02-13
32,32,Heilongjiang,黑龙江省,黑龙江,378,0,31,8,2020-02-13
33,33,Tibet,西藏自治区,西藏,1,0,1,0,2020-02-13
0,0,Qinghai,青海省,青海,18,0,11,0,2020-02-14
1,1,Fujian,福建省,福建,281,0,59,0,2020-02-14
2,2,Liaoning,辽宁省,辽宁,117,0,24,1,2020-02-14
3,3,Sichuan,四川省,四川,463,0,105,1,2020-02-14
4,4,Jiangsu,江苏省,江苏,593,0,141,0,2020-02-14
5,5,Jiangxi,江西省,江西,900,0,187,1,2020-02-14
6,6,Shandong,山东省,山东,519,0,111,2,2020-02-14
7,7,Guangxi,广西壮族自治区,广西,226,0,35,2,2020-02-14
8,8,Ningxia,宁夏回族自治区,宁夏,67,0,24,0,2020-02-14
9,9,Macau,澳门,澳门,10,0,3,0,2020-02-14
10,10,Henan,河南省,河南,1184,0,330,11,2020-02-14
11,11,Shanghai,上海市,上海,318,0,90,1,2020-02-14
12,12,Beijing,北京市,北京,372,0,79,3,2020-02-14
13,13,Anhui,安徽省,安徽,934,0,179,6,2020-02-14
14,14,Taiwan,台湾,台湾,18,0,2,0,2020-02-14
15,15,Xinjiang,新疆维吾尔自治区,新疆,65,0,6,1,2020-02-14
16,16,Hunan,湖南省,湖南,988,0,352,2,2020-02-14
17,17,Jilin,吉林省,吉林,86,0,25,1,2020-02-14
18,18,Gansu,甘肃省,甘肃,90,0,39,2,2020-02-14
19,19,Guizhou,贵州省,贵州,140,0,28,1,2020-02-14
20,20,Chongqing,重庆市,重庆,529,0,128,4,2020-02-14
21,21,Yunnan,云南省,云南,162,0,27,0,2020-02-14
22,22,Shaanxi,陕西省,陕西,230,0,49,0,2020-02-14
23,23,Hong Kong,香港,香港,53,0,1,1,2020-02-14
24,24,Zhejiang,浙江省,浙江,1155,0,369,0,2020-02-14
25,25,Shanxi,山西省,山西,126,0,36,0,2020-02-14
26,26,Hubei,湖北省,湖北,51986,0,3862,1318,2020-02-14
27,27,Guangdong,广东省,广东,1261,0,340,2,2020-02-14
28,28,Tianjin,天津市,天津,119,0,21,3,2020-02-14
29,29,Hainan,海南省,海南,158,0,30,4,2020-02-14
30,30,Hebei,河北省,河北,283,0,72,3,2020-02-14
31,31,Inner Mongolia,内蒙古自治区,内蒙古,65,0,6,0,2020-02-14
32,32,Heilongjiang,黑龙江省,黑龙江,418,0,37,11,2020-02-14
33,33,Tibet,西藏自治区,西藏,1,0,1,0,2020-02-14
0,0,Qinghai,青海省,青海,18,0,11,0,2020-02-15
1,1,Fujian,福建省,福建,285,0,66,0,2020-02-15
2,2,Liaoning,辽宁省,辽宁,119,0,29,1,2020-02-15
3,3,Sichuan,四川省,四川,463,0,114,1,2020-02-15
4,4,Jiangsu,江苏省,江苏,593,0,157,0,2020-02-15
5,5,Jiangxi,江西省,江西,900,0,187,1,2020-02-15
6,6,Shandong,山东省,山东,523,0,136,2,2020-02-15
7,7,Guangxi,广西壮族自治区,广西,235,0,40,2,2020-02-15
8,8,Ningxia,宁夏回族自治区,宁夏,67,0,24,0,2020-02-15
9,9,Macau,澳门,澳门,10,0,3,0,2020-02-15
10,10,Henan,河南省,河南,1184,0,357,11,2020-02-15
11,11,Shanghai,上海市,上海,326,0,90,1,2020-02-15
12,12,Beijing,北京市,北京,372,0,80,3,2020-02-15
13,13,Anhui,安徽省,安徽,934,0,193,6,2020-02-15
14,14,Taiwan,台湾,台湾,18,0,2,0,2020-02-15
15,15,Xinjiang,新疆维吾尔自治区,新疆,65,0,6,1,2020-02-15
16,16,Hunan,湖南省,湖南,988,0,364,2,2020-02-15
17,17,Jilin,吉林省,吉林,88,0,25,1,2020-02-15
18,18,Gansu,甘肃省,甘肃,90,0,39,2,2020-02-15
19,19,Guizhou,贵州省,贵州,140,0,28,1,2020-02-15
20,20,Chongqing,重庆市,重庆,537,0,152,5,2020-02-15
21,21,Yunnan,云南省,云南,162,0,36,0,2020-02-15
22,22,Shaanxi,陕西省,陕西,230,0,54,0,2020-02-15
23,23,Hong Kong,香港,香港,56,0,1,1,2020-02-15
24,24,Zhejiang,浙江省,浙江,1155,0,403,0,2020-02-15
25,25,Shanxi,山西省,山西,127,0,38,0,2020-02-15
26,26,Hubei,湖北省,湖北,54406,0,4774,1457,2020-02-15
27,27,Guangdong,广东省,广东,1261,0,362,2,2020-02-15
28,28,Tianjin,天津市,天津,120,0,32,3,2020-02-15
29,29,Hainan,海南省,海南,159,0,43,4,2020-02-15
30,30,Hebei,河北省,河北,291,0,86,3,2020-02-15
31,31,Inner Mongolia,内蒙古自治区,内蒙古,65,0,6,0,2020-02-15
32,32,Heilongjiang,黑龙江省,黑龙江,425,0,48,11,2020-02-15
33,33,Tibet,西藏自治区,西藏,1,0,1,0,2020-02-15
0,0,Qinghai,青海省,青海,18,0,13,0,2020-02-16
1,1,Fujian,福建省,福建,287,0,79,0,2020-02-16
2,2,Liaoning,辽宁省,辽宁,120,0,35,1,2020-02-16
3,3,Sichuan,四川省,四川,481,0,130,3,2020-02-16
4,4,Jiangsu,江苏省,江苏,617,0,209,0,2020-02-16
5,5,Jiangxi,江西省,江西,925,0,239,1,2020-02-16
6,6,Shandong,山东省,山东,537,0,166,2,2020-02-16
7,7,Guangxi,广西壮族自治区,广西,237,0,46,2,2020-02-16
8,8,Ningxia,宁夏回族自治区,宁夏,70,0,33,0,2020-02-16
9,9,Macau,澳门,澳门,10,0,3,0,2020-02-16
10,10,Henan,河南省,河南,1231,0,421,13,2020-02-16
11,11,Shanghai,上海市,上海,328,0,140,1,2020-02-16
12,12,Beijing,北京市,北京,380,0,105,4,2020-02-16
13,13,Anhui,安徽省,安徽,962,0,249,6,2020-02-16
14,14,Taiwan,台湾,台湾,18,0,2,0,2020-02-16
15,15,Xinjiang,新疆维吾尔自治区,新疆,71,0,11,1,2020-02-16
16,16,Hunan,湖南省,湖南,1004,0,452,3,2020-02-16
17,17,Jilin,吉林省,吉林,89,0,28,1,2020-02-16
18,18,Gansu,甘肃省,甘肃,90,0,49,2,2020-02-16
19,19,Guizhou,贵州省,贵州,144,0,41,1,2020-02-16
20,20,Chongqing,重庆市,重庆,544,0,184,5,2020-02-16
21,21,Yunnan,云南省,云南,169,0,42,0,2020-02-16
22,22,Shaanxi,陕西省,陕西,236,0,64,0,2020-02-16
23,23,Hong Kong,香港,香港,56,0,1,1,2020-02-16
24,24,Zhejiang,浙江省,浙江,1167,0,441,0,2020-02-16
25,25,Shanxi,山西省,山西,128,0,46,0,2020-02-16
26,26,Hubei,湖北省,湖北,56249,0,5623,1596,2020-02-16
27,27,Guangdong,广东省,广东,1316,0,438,2,2020-02-16
28,28,Tianjin,天津市,天津,124,0,37,3,2020-02-16
29,29,Hainan,海南省,海南,162,0,39,4,2020-02-16
30,30,Hebei,河北省,河北,300,0,103,3,2020-02-16
31,31,Inner Mongolia,内蒙古自治区,内蒙古,70,0,7,0,2020-02-16
32,32,Heilongjiang,黑龙江省,黑龙江,445,0,73,11,2020-02-16
33,33,Tibet,西藏自治区,西藏,1,0,1,0,2020-02-16
0,0,Qinghai,青海省,青海,18,0,13,0,2020-02-17
1,1,Fujian,福建省,福建,290,0,84,0,2020-02-17
2,2,Liaoning,辽宁省,辽宁,121,0,41,1,2020-02-17
3,3,Sichuan,四川省,四川,495,0,141,3,2020-02-17
4,4,Jiangsu,江苏省,江苏,626,0,247,0,2020-02-17
5,5,Jiangxi,江西省,江西,930,0,275,1,2020-02-17
6,6,Shandong,山东省,山东,541,0,182,2,2020-02-17
7,7,Guangxi,广西壮族自治区,广西,238,0,51,2,2020-02-17
8,8,Ningxia,宁夏回族自治区,宁夏,70,0,33,0,2020-02-17
9,9,Macau,澳门,澳门,10,0,5,0,2020-02-17
10,10,Henan,河南省,河南,1246,0,485,16,2020-02-17
11,11,Shanghai,上海市,上海,332,0,161,1,2020-02-17
12,12,Beijing,北京市,北京,381,0,114,4,2020-02-17
13,13,Anhui,安徽省,安徽,973,0,278,6,2020-02-17
14,14,Taiwan,台湾,台湾,20,0,2,1,2020-02-17
15,15,Xinjiang,新疆维吾尔自治区,新疆,75,0,12,1,2020-02-17
16,16,Hunan,湖南省,湖南,1006,0,491,3,2020-02-17
17,17,Jilin,吉林省,吉林,89,0,30,1,2020-02-17
18,18,Gansu,甘肃省,甘肃,90,0,54,2,2020-02-17
19,19,Guizhou,贵州省,贵州,146,0,54,1,2020-02-17
20,20,Chongqing,重庆市,重庆,551,0,210,5,2020-02-17
21,21,Yunnan,云南省,云南,171,0,45,0,2020-02-17
22,22,Shaanxi,陕西省,陕西,240,0,74,0,2020-02-17
23,23,Hong Kong,香港,香港,57,0,2,1,2020-02-17
24,24,Zhejiang,浙江省,浙江,1171,0,486,0,2020-02-17
25,25,Shanxi,山西省,山西,129,0,50,0,2020-02-17
26,26,Hubei,湖北省,湖北,58182,0,6642,1696,2020-02-17
27,27,Guangdong,广东省,广东,1322,0,486,4,2020-02-17
28,28,Tianjin,天津市,天津,125,0,45,3,2020-02-17
29,29,Hainan,海南省,海南,163,0,52,4,2020-02-17
30,30,Hebei,河北省,河北,301,0,111,3,2020-02-17
31,31,Inner Mongolia,内蒙古自治区,内蒙古,72,0,8,0,2020-02-17
32,32,Heilongjiang,黑龙江省,黑龙江,457,0,84,11,2020-02-17
33,33,Tibet,西藏自治区,西藏,1,0,1,0,2020-02-17
0,0,Qinghai,青海省,青海,18,0,15,0,2020-02-18
1,1,Fujian,福建省,福建,292,0,93,0,2020-02-18
2,2,Liaoning,辽宁省,辽宁,121,0,46,1,2020-02-18
3,3,Sichuan,四川省,四川,508,0,168,3,2020-02-18
4,4,Jiangsu,江苏省,江苏,629,0,276,0,2020-02-18
5,5,Jiangxi,江西省,江西,933,0,310,1,2020-02-18
6,6,Shandong,山东省,山东,543,0,208,3,2020-02-18
7,7,Guangxi,广西壮族自治区,广西,242,0,67,2,2020-02-18
8,8,Ningxia,宁夏回族自治区,宁夏,70,0,35,0,2020-02-18
9,9,Macau,澳门,澳门,10,0,5,0,2020-02-18
10,10,Henan,河南省,河南,1257,0,520,19,2020-02-18
11,11,Shanghai,上海市,上海,333,0,177,1,2020-02-18
12,12,Beijing,北京市,北京,387,0,122,4,2020-02-18
13,13,Anhui,安徽省,安徽,982,0,336,6,2020-02-18
14,14,Taiwan,台湾,台湾,22,0,2,1,2020-02-18
15,15,Xinjiang,新疆维吾尔自治区,新疆,76,0,12,1,2020-02-18
16,16,Hunan,湖南省,湖南,1007,0,518,4,2020-02-18
17,17,Jilin,吉林省,吉林,89,0,36,1,2020-02-18
18,18,Gansu,甘肃省,甘肃,91,0,58,2,2020-02-18
19,19,Guizhou,贵州省,贵州,146,0,66,1,2020-02-18
20,20,Chongqing,重庆市,重庆,553,0,235,5,2020-02-18
21,21,Yunnan,云南省,云南,172,0,57,0,2020-02-18
22,22,Shaanxi,陕西省,陕西,240,0,84,0,2020-02-18
23,23,Hong Kong,香港,香港,61,0,2,1,2020-02-18
24,24,Zhejiang,浙江省,浙江,1172,0,534,0,2020-02-18
25,25,Shanxi,山西省,山西,130,0,53,0,2020-02-18
26,26,Hubei,湖北省,湖北,59989,0,7902,1789,2020-02-18
27,27,Guangdong,广东省,广东,1328,0,547,4,2020-02-18
28,28,Tianjin,天津市,天津,127,0,46,3,2020-02-18
29,29,Hainan,海南省,海南,163,0,67,4,2020-02-18
30,30,Hebei,河北省,河北,302,0,127,4,2020-02-18
31,31,Inner Mongolia,内蒙古自治区,内蒙古,73,0,8,0,2020-02-18
32,32,Heilongjiang,黑龙江省,黑龙江,464,0,105,11,2020-02-18
33,33,Tibet,西藏自治区,西藏,1,0,1,0,2020-02-18
0,0,Qinghai,青海省,青海,18,0,16,0,2020-02-19
1,1,Fujian,福建省,福建,293,0,103,0,2020-02-19
2,2,Liaoning,辽宁省,辽宁,121,0,55,1,2020-02-19
3,3,Sichuan,四川省,四川,514,0,185,3,2020-02-19
4,4,Jiangsu,江苏省,江苏,631,0,300,0,2020-02-19
5,5,Jiangxi,江西省,江西,934,0,362,1,2020-02-19
6,6,Shandong,山东省,山东,544,0,221,3,2020-02-19
7,7,Guangxi,广西壮族自治区,广西,244,0,81,2,2020-02-19
8,8,Ningxia,宁夏回族自治区,宁夏,71,0,42,0,2020-02-19
9,9,Macau,澳门,澳门,10,0,5,0,2020-02-19
10,10,Henan,河南省,河南,1262,0,560,19,2020-02-19
11,11,Shanghai,上海市,上海,333,0,186,2,2020-02-19
12,12,Beijing,北京市,北京,393,0,145,4,2020-02-19
13,13,Anhui,安徽省,安徽,986,0,401,6,2020-02-19
14,14,Taiwan,台湾,台湾,22,0,2,1,2020-02-19
15,15,Xinjiang,新疆维吾尔自治区,新疆,76,0,20,1,2020-02-19
16,16,Hunan,湖南省,湖南,1008,0,554,4,2020-02-19
17,17,Jilin,吉林省,吉林,90,0,37,1,2020-02-19
18,18,Gansu,甘肃省,甘肃,91,0,62,2,2020-02-19
19,19,Guizhou,贵州省,贵州,146,0,69,2,2020-02-19
20,20,Chongqing,重庆市,重庆,555,0,254,5,2020-02-19
21,21,Yunnan,云南省,云南,173,0,60,1,2020-02-19
22,22,Shaanxi,陕西省,陕西,242,0,100,0,2020-02-19
23,23,Hong Kong,香港,香港,62,0,4,2,2020-02-19
24,24,Zhejiang,浙江省,浙江,1174,0,549,0,2020-02-19
25,25,Shanxi,山西省,山西,131,0,62,0,2020-02-19
26,26,Hubei,湖北省,湖北,61682,0,9170,1921,2020-02-19
27,27,Guangdong,广东省,广东,1331,0,578,5,2020-02-19
28,28,Tianjin,天津市,天津,128,0,48,3,2020-02-19
29,29,Hainan,海南省,海南,163,0,79,4,2020-02-19
30,30,Hebei,河北省,河北,306,0,136,4,2020-02-19
31,31,Inner Mongolia,内蒙古自治区,内蒙古,75,0,9,0,2020-02-19
32,32,Heilongjiang,黑龙江省,黑龙江,470,0,115,12,2020-02-19
33,33,Tibet,西藏自治区,西藏,1,0,1,0,2020-02-19
0,0,Qinghai,青海省,青海,18,0,16,0,2020-02-20
1,1,Fujian,福建省,福建,293,0,112,1,2020-02-20
2,2,Liaoning,辽宁省,辽宁,121,0,58,1,2020-02-20
3,3,Sichuan,四川省,四川,520,0,209,3,2020-02-20
4,4,Jiangsu,江苏省,江苏,631,0,331,0,2020-02-20
5,5,Jiangxi,江西省,江西,934,0,433,1,2020-02-20
6,6,Shandong,山东省,山东,546,0,242,4,2020-02-20
7,7,Guangxi,广西壮族自治区,广西,245,0,89,2,2020-02-20
8,8,Ningxia,宁夏回族自治区,宁夏,71,0,44,0,2020-02-20
9,9,Macau,澳门,澳门,10,0,6,0,2020-02-20
10,10,Henan,河南省,河南,1265,0,614,19,2020-02-20
11,11,Shanghai,上海市,上海,333,0,187,2,2020-02-20
12,12,Beijing,北京市,北京,395,0,153,4,2020-02-20
13,13,Anhui,安徽省,安徽,987,0,439,6,2020-02-20
14,14,Taiwan,台湾,台湾,24,0,2,1,2020-02-20
15,15,Xinjiang,新疆维吾尔自治区,新疆,76,0,20,1,2020-02-20
16,16,Hunan,湖南省,湖南,1010,0,597,4,2020-02-20
17,17,Jilin,吉林省,吉林,91,0,40,1,2020-02-20
18,18,Gansu,甘肃省,甘肃,91,0,65,2,2020-02-20
19,19,Guizhou,贵州省,贵州,146,0,71,2,2020-02-20
20,20,Chongqing,重庆市,重庆,560,0,274,5,2020-02-20
21,21,Yunnan,云南省,云南,172,0,67,1,2020-02-20
22,22,Shaanxi,陕西省,陕西,245,0,106,1,2020-02-20
23,23,Hong Kong,香港,香港,65,0,6,2,2020-02-20
24,24,Zhejiang,浙江省,浙江,1175,0,610,0,2020-02-20
25,25,Shanxi,山西省,山西,131,0,70,0,2020-02-20
26,26,Hubei,湖北省,湖北,62031,0,10338,2029,2020-02-20
27,27,Guangdong,广东省,广东,1332,0,624,5,2020-02-20
28,28,Tianjin,天津市,天津,130,0,54,3,2020-02-20
29,29,Hainan,海南省,海南,168,0,84,4,2020-02-20
30,30,Hebei,河北省,河北,307,0,154,5,2020-02-20
31,31,Inner Mongolia,内蒙古自治区,内蒙古,75,0,11,0,2020-02-20
32,32,Heilongjiang,黑龙江省,黑龙江,476,0,127,12,2020-02-20
33,33,Tibet,西藏自治区,西藏,1,0,1,0,2020-02-20
0,0,Qinghai,青海省,青海,18,0,16,0,2020-02-21
1,1,Fujian,福建省,福建,293,0,126,1,2020-02-21
2,2,Liaoning,辽宁省,辽宁,121,0,59,1,2020-02-21
3,3,Sichuan,四川省,四川,520,0,217,3,2020-02-21
4,4,Jiangsu,江苏省,江苏,631,0,356,0,2020-02-21
5,5,Jiangxi,江西省,江西,934,0,433,1,2020-02-21
6,6,Shandong,山东省,山东,546,0,254,4,2020-02-21
7,7,Guangxi,广西壮族自治区,广西,245,0,90,2,2020-02-21
8,8,Ningxia,宁夏回族自治区,宁夏,71,0,44,0,2020-02-21
9,9,Macau,澳门,澳门,10,0,6,0,2020-02-21
10,10,Henan,河南省,河南,1265,0,637,19,2020-02-21
11,11,Shanghai,上海市,上海,334,0,199,2,2020-02-21
12,12,Beijing,北京市,北京,395,0,153,4,2020-02-21
13,13,Anhui,安徽省,安徽,987,0,474,6,2020-02-21
14,14,Taiwan,台湾,台湾,24,0,2,1,2020-02-21
15,15,Xinjiang,新疆维吾尔自治区,新疆,76,0,22,1,2020-02-21
16,16,Hunan,湖南省,湖南,1010,0,634,4,2020-02-21
17,17,Jilin,吉林省,吉林,91,0,43,1,2020-02-21
18,18,Gansu,甘肃省,甘肃,91,0,71,2,2020-02-21
19,19,Guizhou,贵州省,贵州,146,0,72,2,2020-02-21
20,20,Chongqing,重庆市,重庆,567,0,299,6,2020-02-21
21,21,Yunnan,云南省,云南,174,0,79,2,2020-02-21
22,22,Shaanxi,陕西省,陕西,245,0,118,1,2020-02-21
23,23,Hong Kong,香港,香港,68,0,6,2,2020-02-21
24,24,Zhejiang,浙江省,浙江,1175,0,633,1,2020-02-21
25,25,Shanxi,山西省,山西,132,0,76,0,2020-02-21
26,26,Hubei,湖北省,湖北,62031,0,10521,2029,2020-02-21
27,27,Guangdong,广东省,广东,1332,0,642,5,2020-02-21
28,28,Tianjin,天津市,天津,131,0,59,3,2020-02-21
29,29,Hainan,海南省,海南,168,0,86,4,2020-02-21
30,30,Hebei,河北省,河北,307,0,169,5,2020-02-21
31,31,Inner Mongolia,内蒙古自治区,内蒙古,75,0,16,0,2020-02-21
32,32,Heilongjiang,黑龙江省,黑龙江,476,0,136,12,2020-02-21
33,33,Tibet,西藏自治区,西藏,1,0,1,0,2020-02-21
